CREATE TABLE IF NOT EXISTS "app_appointment" ("id" integer NOT NULL PRIMARY KEY AUTOINCREMENT, "patient_id" integer NOT NULL, "department" varchar(100) NOT NULL, "doctor_name" varchar(100) NOT NULL, "time_slot" varchar(100) NOT NULL, "problem" varchar(150) NOT NULL, "patient_name" varchar(100) NOT NULL, "status" varchar(50) NOT NULL, "date1" date NOT NULL, "email" varchar(254) NOT NULL);
INSERT INTO "app_appointment" VALUES(1,6,'Neurology','nayana manoj','10AM-11AM','nerve issue','Goutham Krishna','Pending','2024-12-06','gouthamkr00@gmail.com');
INSERT INTO "app_appointment" VALUES(2,8,'Orthology','vrishin','11AM-12pm','back pain','akshay krishna','Pending','2024-12-06','akshay.krishna@gmail.com');
INSERT INTO "app_appointment" VALUES(3,12,'gastroenterology','vrishin','2PM-3PM','severe stomach ache ','adithya subhash','Completed','2020-01-05','2024-12-05 23:05:49.691054+00:00');
INSERT INTO "app_appointment" VALUES(4,10,'Neurology','Hadi t','10AM-11AM','cough and cold','leena verma','Completed','2024-12-08','leenaverma541@gmail.com');
INSERT INTO "app_appointment" VALUES(5,14,'Neurology','vrishin','12PM-01PM','heavy neramb rogam','Adithyan S','Pending','2024-12-06','adithyan.sunil.8592@gmail.com');
INSERT INTO "app_appointment" VALUES(6,9,'Neurology','vrishin ','10AM-11AM','thootal','Shivali v ','Completed','2024-12-07','shivali.vannarath@gmail.com');
INSERT INTO "app_appointment" VALUES(7,15,'Neurology','Hadi t','8PM-9PM','explosive diarrhoea','Adhrit','Pending','2024-12-08','adhrittsu@gmail.com');
CREATE UNIQUE INDEX "auth_group_permissions_group_id_permission_id_0cd325b0_uniq" ON "auth_group_permissions" ("group_id", "permission_id");
CREATE INDEX IF NOT EXISTS "auth_group_permissions_group_id_b120cbf9" ON "auth_group_permissions" ("group_id");
CREATE INDEX IF NOT EXISTS "auth_group_permissions_permission_id_84c5c92e" ON "auth_group_permissions" ("permission_id");
CREATE UNIQUE INDEX "auth_user_groups_user_id_group_id_94350c0c_uniq" ON "auth_user_groups" ("user_id", "group_id");
CREATE INDEX IF NOT EXISTS "auth_user_groups_user_id_6a12ed8b" ON "auth_user_groups" ("user_id");
CREATE INDEX IF NOT EXISTS "auth_user_groups_group_id_97559544" ON "auth_user_groups" ("group_id");
CREATE UNIQUE INDEX "auth_user_user_permissions_user_id_permission_id_14a6b632_uniq" ON "auth_user_user_permissions" ("user_id", "permission_id");
CREATE INDEX IF NOT EXISTS "auth_user_user_permissions_user_id_a95ead1b" ON "auth_user_user_permissions" ("user_id");
CREATE INDEX IF NOT EXISTS "auth_user_user_permissions_permission_id_1fbb5f2c" ON "auth_user_user_permissions" ("permission_id");
CREATE INDEX IF NOT EXISTS "django_admin_log_content_type_id_c4bce8eb" ON "django_admin_log" ("content_type_id");
CREATE INDEX IF NOT EXISTS "django_admin_log_user_id_c564eba6" ON "django_admin_log" ("user_id");
CREATE UNIQUE INDEX "django_content_type_app_label_model_76bd3d3b_uniq" ON "django_content_type" ("app_label", "model");
CREATE UNIQUE INDEX "auth_permission_content_type_id_codename_01ab375a_uniq" ON "auth_permission" ("content_type_id", "codename");
CREATE INDEX IF NOT EXISTS "auth_permission_content_type_id_2f476e4b" ON "auth_permission" ("content_type_id");
CREATE INDEX IF NOT EXISTS "django_session_expire_date_a5c62663" ON "django_session" ("expire_date");
CREATE TABLE IF NOT EXISTS "app_doctor" ("id" integer NOT NULL PRIMARY KEY AUTOINCREMENT, "doctor_name" varchar(100) NOT NULL, "specialization" varchar(100) NOT NULL, "experience" varchar(100) NOT NULL, "age" integer NOT NULL, "phone" integer NOT NULL, "email" varchar(100) NOT NULL, "gender" varchar(50) NOT NULL, "availability" varchar(100) NOT NULL, "address" text NOT NULL, "date_of_birth" varchar(100) NOT NULL);
INSERT INTO "app_doctor" VALUES(2,'nayana manoj','gyaenocology','14 years',19,8937458734,'nayanamanoj007@gmail.com','','Available','mulakuzha','2005-05-12');
INSERT INTO "app_doctor" VALUES(3,'vrishin','cardiology ','15 years',19,983245908405,'vrishinv@gmail.com','','Unavailable','palakkad','2005-02-07');
INSERT INTO "app_doctor" VALUES(4,'Hadi t','opthalmology','10 years',32,1098419048,'had@tharayil.com','','Available','malappuram','2004-12-28');
INSERT INTO "app_doctor" VALUES(5,'Nandana TP ','neurologist ','29 years',20,8140983948,'nandanatp@gmail.com','Female','Available','Kannur, theyencheri parakadavil','2004-11-22');
CREATE UNIQUE INDEX "auth_group_permissions_group_id_permission_id_0cd325b0_uniq" ON "auth_group_permissions" ("group_id", "permission_id");
CREATE INDEX IF NOT EXISTS "auth_group_permissions_group_id_b120cbf9" ON "auth_group_permissions" ("group_id");
CREATE INDEX IF NOT EXISTS "auth_group_permissions_permission_id_84c5c92e" ON "auth_group_permissions" ("permission_id");
CREATE UNIQUE INDEX "auth_user_groups_user_id_group_id_94350c0c_uniq" ON "auth_user_groups" ("user_id", "group_id");
CREATE INDEX IF NOT EXISTS "auth_user_groups_user_id_6a12ed8b" ON "auth_user_groups" ("user_id");
CREATE INDEX IF NOT EXISTS "auth_user_groups_group_id_97559544" ON "auth_user_groups" ("group_id");
CREATE UNIQUE INDEX "auth_user_user_permissions_user_id_permission_id_14a6b632_uniq" ON "auth_user_user_permissions" ("user_id", "permission_id");
CREATE INDEX IF NOT EXISTS "auth_user_user_permissions_user_id_a95ead1b" ON "auth_user_user_permissions" ("user_id");
CREATE INDEX IF NOT EXISTS "auth_user_user_permissions_permission_id_1fbb5f2c" ON "auth_user_user_permissions" ("permission_id");
CREATE INDEX IF NOT EXISTS "django_admin_log_content_type_id_c4bce8eb" ON "django_admin_log" ("content_type_id");
CREATE INDEX IF NOT EXISTS "django_admin_log_user_id_c564eba6" ON "django_admin_log" ("user_id");
CREATE UNIQUE INDEX "django_content_type_app_label_model_76bd3d3b_uniq" ON "django_content_type" ("app_label", "model");
CREATE UNIQUE INDEX "auth_permission_content_type_id_codename_01ab375a_uniq" ON "auth_permission" ("content_type_id", "codename");
CREATE INDEX IF NOT EXISTS "auth_permission_content_type_id_2f476e4b" ON "auth_permission" ("content_type_id");
CREATE INDEX IF NOT EXISTS "django_session_expire_date_a5c62663" ON "django_session" ("expire_date");
CREATE TABLE IF NOT EXISTS "app_patient" ("id" integer NOT NULL PRIMARY KEY AUTOINCREMENT, "date_of_birth" varchar(100) NOT NULL, "age" integer NOT NULL, "phone" integer NOT NULL, "email" varchar(100) NOT NULL, "gender" varchar(50) NOT NULL, "address" text NOT NULL, "patient_name" varchar(100) NOT NULL, "medical_history" varchar(100) NOT NULL, "status" varchar(100) NOT NULL);
INSERT INTO "app_patient" VALUES(6,'2005-04-29',19,9487813038,'gouthamkr00@gmail.com','Male','krishnakripa, illikad, edakkara po','Goutham Krishna','chicken pox, cough , fever','very good ');
INSERT INTO "app_patient" VALUES(8,'2024-11-01',19,98203489230,'akshay.krishna@gmail.com','Male','oijjljljo','Akshay krishna','cough, cold','bad');
INSERT INTO "app_patient" VALUES(9,'2005-10-07',19,7907462310,'shivaliv23@lpu.in','Female','Sannidhi , kanhankad, kasargod , 671315','Shivali v ','cough, cold, corona virus','very good ');
INSERT INTO "app_patient" VALUES(10,'2004-12-22',25,98354908204,'leenaverma541@gmail.com','Female','chhattisgarh','Leena verma','explosive diarhhoea, jaundice , constipation','very bad');
INSERT INTO "app_patient" VALUES(12,'2005-01-26',19,940923894,'adithyasubhash@gmail.com','Male','thrissur','Adithya subhash','cough,cold,chicken pox, constipation','good');
INSERT INTO "app_patient" VALUES(13,'1970-05-09',25,8324098034,'sreehari@gmail.com','Male','ernankulam','Sreehari','explosive diarhhoea','good ');
INSERT INTO "app_patient" VALUES(14,'2005-06-17',19,8592867698,'adithyan.sunil.8592@gmail.com','Male','panthalam,allapuzha','Adithyan S','cough, cold , corona ','good');
INSERT INTO "app_patient" VALUES(15,'2005-08-30',19,918391823,'adhrittsu@gmail.com','Male','nilambur','Adhrit ','explosive diarhhoea','bad');
CREATE UNIQUE INDEX "auth_group_permissions_group_id_permission_id_0cd325b0_uniq" ON "auth_group_permissions" ("group_id", "permission_id");
CREATE INDEX IF NOT EXISTS "auth_group_permissions_group_id_b120cbf9" ON "auth_group_permissions" ("group_id");
CREATE INDEX IF NOT EXISTS "auth_group_permissions_permission_id_84c5c92e" ON "auth_group_permissions" ("permission_id");
CREATE UNIQUE INDEX "auth_user_groups_user_id_group_id_94350c0c_uniq" ON "auth_user_groups" ("user_id", "group_id");
CREATE INDEX IF NOT EXISTS "auth_user_groups_user_id_6a12ed8b" ON "auth_user_groups" ("user_id");
CREATE INDEX IF NOT EXISTS "auth_user_groups_group_id_97559544" ON "auth_user_groups" ("group_id");
CREATE UNIQUE INDEX "auth_user_user_permissions_user_id_permission_id_14a6b632_uniq" ON "auth_user_user_permissions" ("user_id", "permission_id");
CREATE INDEX IF NOT EXISTS "auth_user_user_permissions_user_id_a95ead1b" ON "auth_user_user_permissions" ("user_id");
CREATE INDEX IF NOT EXISTS "auth_user_user_permissions_permission_id_1fbb5f2c" ON "auth_user_user_permissions" ("permission_id");
CREATE INDEX IF NOT EXISTS "django_admin_log_content_type_id_c4bce8eb" ON "django_admin_log" ("content_type_id");
CREATE INDEX IF NOT EXISTS "django_admin_log_user_id_c564eba6" ON "django_admin_log" ("user_id");
CREATE UNIQUE INDEX "django_content_type_app_label_model_76bd3d3b_uniq" ON "django_content_type" ("app_label", "model");
CREATE UNIQUE INDEX "auth_permission_content_type_id_codename_01ab375a_uniq" ON "auth_permission" ("content_type_id", "codename");
CREATE INDEX IF NOT EXISTS "auth_permission_content_type_id_2f476e4b" ON "auth_permission" ("content_type_id");
CREATE INDEX IF NOT EXISTS "django_session_expire_date_a5c62663" ON "django_session" ("expire_date");
CREATE TABLE IF NOT EXISTS "app_payment" ("id" integer NOT NULL PRIMARY KEY AUTOINCREMENT, "patient_id" integer NOT NULL, "patient_name" varchar(100) NOT NULL, "doctor_name" varchar(100) NOT NULL, "admission_date" date NOT NULL, "room_charge" integer NOT NULL, "doctor_fee" integer NOT NULL, "medicine_cost" integer NOT NULL, "other_charge" integer NOT NULL, "discharge_date" date NOT NULL);
INSERT INTO "app_payment" VALUES(1,6,'Goutham Krishna','nayana manoj','2024-11-28',1000,250,500,25,'2024-12-05');
CREATE UNIQUE INDEX "auth_group_permissions_group_id_permission_id_0cd325b0_uniq" ON "auth_group_permissions" ("group_id", "permission_id");
CREATE INDEX IF NOT EXISTS "auth_group_permissions_group_id_b120cbf9" ON "auth_group_permissions" ("group_id");
CREATE INDEX IF NOT EXISTS "auth_group_permissions_permission_id_84c5c92e" ON "auth_group_permissions" ("permission_id");
CREATE UNIQUE INDEX "auth_user_groups_user_id_group_id_94350c0c_uniq" ON "auth_user_groups" ("user_id", "group_id");
CREATE INDEX IF NOT EXISTS "auth_user_groups_user_id_6a12ed8b" ON "auth_user_groups" ("user_id");
CREATE INDEX IF NOT EXISTS "auth_user_groups_group_id_97559544" ON "auth_user_groups" ("group_id");
CREATE UNIQUE INDEX "auth_user_user_permissions_user_id_permission_id_14a6b632_uniq" ON "auth_user_user_permissions" ("user_id", "permission_id");
CREATE INDEX IF NOT EXISTS "auth_user_user_permissions_user_id_a95ead1b" ON "auth_user_user_permissions" ("user_id");
CREATE INDEX IF NOT EXISTS "auth_user_user_permissions_permission_id_1fbb5f2c" ON "auth_user_user_permissions" ("permission_id");
CREATE INDEX IF NOT EXISTS "django_admin_log_content_type_id_c4bce8eb" ON "django_admin_log" ("content_type_id");
CREATE INDEX IF NOT EXISTS "django_admin_log_user_id_c564eba6" ON "django_admin_log" ("user_id");
CREATE UNIQUE INDEX "django_content_type_app_label_model_76bd3d3b_uniq" ON "django_content_type" ("app_label", "model");
CREATE UNIQUE INDEX "auth_permission_content_type_id_codename_01ab375a_uniq" ON "auth_permission" ("content_type_id", "codename");
CREATE INDEX IF NOT EXISTS "auth_permission_content_type_id_2f476e4b" ON "auth_permission" ("content_type_id");
CREATE INDEX IF NOT EXISTS "django_session_expire_date_a5c62663" ON "django_session" ("expire_date");
CREATE TABLE IF NOT EXISTS "auth_group" ("id" integer NOT NULL PRIMARY KEY AUTOINCREMENT, "name" varchar(150) NOT NULL UNIQUE);
CREATE UNIQUE INDEX "auth_group_permissions_group_id_permission_id_0cd325b0_uniq" ON "auth_group_permissions" ("group_id", "permission_id");
CREATE INDEX IF NOT EXISTS "auth_group_permissions_group_id_b120cbf9" ON "auth_group_permissions" ("group_id");
CREATE INDEX IF NOT EXISTS "auth_group_permissions_permission_id_84c5c92e" ON "auth_group_permissions" ("permission_id");
CREATE UNIQUE INDEX "auth_user_groups_user_id_group_id_94350c0c_uniq" ON "auth_user_groups" ("user_id", "group_id");
CREATE INDEX IF NOT EXISTS "auth_user_groups_user_id_6a12ed8b" ON "auth_user_groups" ("user_id");
CREATE INDEX IF NOT EXISTS "auth_user_groups_group_id_97559544" ON "auth_user_groups" ("group_id");
CREATE UNIQUE INDEX "auth_user_user_permissions_user_id_permission_id_14a6b632_uniq" ON "auth_user_user_permissions" ("user_id", "permission_id");
CREATE INDEX IF NOT EXISTS "auth_user_user_permissions_user_id_a95ead1b" ON "auth_user_user_permissions" ("user_id");
CREATE INDEX IF NOT EXISTS "auth_user_user_permissions_permission_id_1fbb5f2c" ON "auth_user_user_permissions" ("permission_id");
CREATE INDEX IF NOT EXISTS "django_admin_log_content_type_id_c4bce8eb" ON "django_admin_log" ("content_type_id");
CREATE INDEX IF NOT EXISTS "django_admin_log_user_id_c564eba6" ON "django_admin_log" ("user_id");
CREATE UNIQUE INDEX "django_content_type_app_label_model_76bd3d3b_uniq" ON "django_content_type" ("app_label", "model");
CREATE UNIQUE INDEX "auth_permission_content_type_id_codename_01ab375a_uniq" ON "auth_permission" ("content_type_id", "codename");
CREATE INDEX IF NOT EXISTS "auth_permission_content_type_id_2f476e4b" ON "auth_permission" ("content_type_id");
CREATE INDEX IF NOT EXISTS "django_session_expire_date_a5c62663" ON "django_session" ("expire_date");
CREATE TABLE IF NOT EXISTS "auth_group_permissions" ("id" integer NOT NULL PRIMARY KEY AUTOINCREMENT, "group_id" integer NOT NULL REFERENCES "auth_group" ("id") DEFERRABLE INITIALLY DEFERRED, "permission_id" integer NOT NULL REFERENCES "auth_permission" ("id") DEFERRABLE INITIALLY DEFERRED);
CREATE UNIQUE INDEX "auth_group_permissions_group_id_permission_id_0cd325b0_uniq" ON "auth_group_permissions" ("group_id", "permission_id");
CREATE INDEX IF NOT EXISTS "auth_group_permissions_group_id_b120cbf9" ON "auth_group_permissions" ("group_id");
CREATE INDEX IF NOT EXISTS "auth_group_permissions_permission_id_84c5c92e" ON "auth_group_permissions" ("permission_id");
CREATE UNIQUE INDEX "auth_user_groups_user_id_group_id_94350c0c_uniq" ON "auth_user_groups" ("user_id", "group_id");
CREATE INDEX IF NOT EXISTS "auth_user_groups_user_id_6a12ed8b" ON "auth_user_groups" ("user_id");
CREATE INDEX IF NOT EXISTS "auth_user_groups_group_id_97559544" ON "auth_user_groups" ("group_id");
CREATE UNIQUE INDEX "auth_user_user_permissions_user_id_permission_id_14a6b632_uniq" ON "auth_user_user_permissions" ("user_id", "permission_id");
CREATE INDEX IF NOT EXISTS "auth_user_user_permissions_user_id_a95ead1b" ON "auth_user_user_permissions" ("user_id");
CREATE INDEX IF NOT EXISTS "auth_user_user_permissions_permission_id_1fbb5f2c" ON "auth_user_user_permissions" ("permission_id");
CREATE INDEX IF NOT EXISTS "django_admin_log_content_type_id_c4bce8eb" ON "django_admin_log" ("content_type_id");
CREATE INDEX IF NOT EXISTS "django_admin_log_user_id_c564eba6" ON "django_admin_log" ("user_id");
CREATE UNIQUE INDEX "django_content_type_app_label_model_76bd3d3b_uniq" ON "django_content_type" ("app_label", "model");
CREATE UNIQUE INDEX "auth_permission_content_type_id_codename_01ab375a_uniq" ON "auth_permission" ("content_type_id", "codename");
CREATE INDEX IF NOT EXISTS "auth_permission_content_type_id_2f476e4b" ON "auth_permission" ("content_type_id");
CREATE INDEX IF NOT EXISTS "django_session_expire_date_a5c62663" ON "django_session" ("expire_date");
CREATE TABLE IF NOT EXISTS "auth_permission" ("id" integer NOT NULL PRIMARY KEY AUTOINCREMENT, "content_type_id" integer NOT NULL REFERENCES "django_content_type" ("id") DEFERRABLE INITIALLY DEFERRED, "codename" varchar(100) NOT NULL, "name" varchar(255) NOT NULL);
INSERT INTO "auth_permission" VALUES(1,1,'add_logentry','Can add log entry');
INSERT INTO "auth_permission" VALUES(2,1,'change_logentry','Can change log entry');
INSERT INTO "auth_permission" VALUES(3,1,'delete_logentry','Can delete log entry');
INSERT INTO "auth_permission" VALUES(4,1,'view_logentry','Can view log entry');
INSERT INTO "auth_permission" VALUES(5,2,'add_permission','Can add permission');
INSERT INTO "auth_permission" VALUES(6,2,'change_permission','Can change permission');
INSERT INTO "auth_permission" VALUES(7,2,'delete_permission','Can delete permission');
INSERT INTO "auth_permission" VALUES(8,2,'view_permission','Can view permission');
INSERT INTO "auth_permission" VALUES(9,3,'add_group','Can add group');
INSERT INTO "auth_permission" VALUES(10,3,'change_group','Can change group');
INSERT INTO "auth_permission" VALUES(11,3,'delete_group','Can delete group');
INSERT INTO "auth_permission" VALUES(12,3,'view_group','Can view group');
INSERT INTO "auth_permission" VALUES(13,4,'add_user','Can add user');
INSERT INTO "auth_permission" VALUES(14,4,'change_user','Can change user');
INSERT INTO "auth_permission" VALUES(15,4,'delete_user','Can delete user');
INSERT INTO "auth_permission" VALUES(16,4,'view_user','Can view user');
INSERT INTO "auth_permission" VALUES(17,5,'add_contenttype','Can add content type');
INSERT INTO "auth_permission" VALUES(18,5,'change_contenttype','Can change content type');
INSERT INTO "auth_permission" VALUES(19,5,'delete_contenttype','Can delete content type');
INSERT INTO "auth_permission" VALUES(20,5,'view_contenttype','Can view content type');
INSERT INTO "auth_permission" VALUES(21,6,'add_session','Can add session');
INSERT INTO "auth_permission" VALUES(22,6,'change_session','Can change session');
INSERT INTO "auth_permission" VALUES(23,6,'delete_session','Can delete session');
INSERT INTO "auth_permission" VALUES(24,6,'view_session','Can view session');
INSERT INTO "auth_permission" VALUES(25,7,'add_patient','Can add patient');
INSERT INTO "auth_permission" VALUES(26,7,'change_patient','Can change patient');
INSERT INTO "auth_permission" VALUES(27,7,'delete_patient','Can delete patient');
INSERT INTO "auth_permission" VALUES(28,7,'view_patient','Can view patient');
INSERT INTO "auth_permission" VALUES(29,8,'add_doctor','Can add doctor');
INSERT INTO "auth_permission" VALUES(30,8,'change_doctor','Can change doctor');
INSERT INTO "auth_permission" VALUES(31,8,'delete_doctor','Can delete doctor');
INSERT INTO "auth_permission" VALUES(32,8,'view_doctor','Can view doctor');
INSERT INTO "auth_permission" VALUES(33,9,'add_appointment','Can add appointment');
INSERT INTO "auth_permission" VALUES(34,9,'change_appointment','Can change appointment');
INSERT INTO "auth_permission" VALUES(35,9,'delete_appointment','Can delete appointment');
INSERT INTO "auth_permission" VALUES(36,9,'view_appointment','Can view appointment');
INSERT INTO "auth_permission" VALUES(37,10,'add_payment','Can add payment');
INSERT INTO "auth_permission" VALUES(38,10,'change_payment','Can change payment');
INSERT INTO "auth_permission" VALUES(39,10,'delete_payment','Can delete payment');
INSERT INTO "auth_permission" VALUES(40,10,'view_payment','Can view payment');
INSERT INTO "auth_permission" VALUES(41,11,'add_schedule','Can add Scheduled task');
INSERT INTO "auth_permission" VALUES(42,11,'change_schedule','Can change Scheduled task');
INSERT INTO "auth_permission" VALUES(43,11,'delete_schedule','Can delete Scheduled task');
INSERT INTO "auth_permission" VALUES(44,11,'view_schedule','Can view Scheduled task');
INSERT INTO "auth_permission" VALUES(45,12,'add_task','Can add task');
INSERT INTO "auth_permission" VALUES(46,12,'change_task','Can change task');
INSERT INTO "auth_permission" VALUES(47,12,'delete_task','Can delete task');
INSERT INTO "auth_permission" VALUES(48,12,'view_task','Can view task');
INSERT INTO "auth_permission" VALUES(49,13,'add_failure','Can add Failed task');
INSERT INTO "auth_permission" VALUES(50,13,'change_failure','Can change Failed task');
INSERT INTO "auth_permission" VALUES(51,13,'delete_failure','Can delete Failed task');
INSERT INTO "auth_permission" VALUES(52,13,'view_failure','Can view Failed task');
INSERT INTO "auth_permission" VALUES(53,14,'add_success','Can add Successful task');
INSERT INTO "auth_permission" VALUES(54,14,'change_success','Can change Successful task');
INSERT INTO "auth_permission" VALUES(55,14,'delete_success','Can delete Successful task');
INSERT INTO "auth_permission" VALUES(56,14,'view_success','Can view Successful task');
INSERT INTO "auth_permission" VALUES(57,15,'add_ormq','Can add Queued task');
INSERT INTO "auth_permission" VALUES(58,15,'change_ormq','Can change Queued task');
INSERT INTO "auth_permission" VALUES(59,15,'delete_ormq','Can delete Queued task');
INSERT INTO "auth_permission" VALUES(60,15,'view_ormq','Can view Queued task');
CREATE UNIQUE INDEX "auth_group_permissions_group_id_permission_id_0cd325b0_uniq" ON "auth_group_permissions" ("group_id", "permission_id");
CREATE INDEX IF NOT EXISTS "auth_group_permissions_group_id_b120cbf9" ON "auth_group_permissions" ("group_id");
CREATE INDEX IF NOT EXISTS "auth_group_permissions_permission_id_84c5c92e" ON "auth_group_permissions" ("permission_id");
CREATE UNIQUE INDEX "auth_user_groups_user_id_group_id_94350c0c_uniq" ON "auth_user_groups" ("user_id", "group_id");
CREATE INDEX IF NOT EXISTS "auth_user_groups_user_id_6a12ed8b" ON "auth_user_groups" ("user_id");
CREATE INDEX IF NOT EXISTS "auth_user_groups_group_id_97559544" ON "auth_user_groups" ("group_id");
CREATE UNIQUE INDEX "auth_user_user_permissions_user_id_permission_id_14a6b632_uniq" ON "auth_user_user_permissions" ("user_id", "permission_id");
CREATE INDEX IF NOT EXISTS "auth_user_user_permissions_user_id_a95ead1b" ON "auth_user_user_permissions" ("user_id");
CREATE INDEX IF NOT EXISTS "auth_user_user_permissions_permission_id_1fbb5f2c" ON "auth_user_user_permissions" ("permission_id");
CREATE INDEX IF NOT EXISTS "django_admin_log_content_type_id_c4bce8eb" ON "django_admin_log" ("content_type_id");
CREATE INDEX IF NOT EXISTS "django_admin_log_user_id_c564eba6" ON "django_admin_log" ("user_id");
CREATE UNIQUE INDEX "django_content_type_app_label_model_76bd3d3b_uniq" ON "django_content_type" ("app_label", "model");
CREATE UNIQUE INDEX "auth_permission_content_type_id_codename_01ab375a_uniq" ON "auth_permission" ("content_type_id", "codename");
CREATE INDEX IF NOT EXISTS "auth_permission_content_type_id_2f476e4b" ON "auth_permission" ("content_type_id");
CREATE INDEX IF NOT EXISTS "django_session_expire_date_a5c62663" ON "django_session" ("expire_date");
CREATE TABLE IF NOT EXISTS "auth_user" ("id" integer NOT NULL PRIMARY KEY AUTOINCREMENT, "password" varchar(128) NOT NULL, "last_login" datetime NULL, "is_superuser" bool NOT NULL, "username" varchar(150) NOT NULL UNIQUE, "last_name" varchar(150) NOT NULL, "email" varchar(254) NOT NULL, "is_staff" bool NOT NULL, "is_active" bool NOT NULL, "date_joined" datetime NOT NULL, "first_name" varchar(150) NOT NULL);
INSERT INTO "auth_user" VALUES(1,'pbkdf2_sha256$870000$3W2bDWqL2F9OPpaPQeUH79$JisN2ukxz/hxdOVWHiVwpyAy9FeOyvy6dPgptl7DkpU=','2024-12-03 15:44:36.904374',1,'gouth','','gouthamkr00@gmail.com',1,1,'2024-11-16 21:31:39.844900','');
CREATE UNIQUE INDEX "auth_group_permissions_group_id_permission_id_0cd325b0_uniq" ON "auth_group_permissions" ("group_id", "permission_id");
CREATE INDEX IF NOT EXISTS "auth_group_permissions_group_id_b120cbf9" ON "auth_group_permissions" ("group_id");
CREATE INDEX IF NOT EXISTS "auth_group_permissions_permission_id_84c5c92e" ON "auth_group_permissions" ("permission_id");
CREATE UNIQUE INDEX "auth_user_groups_user_id_group_id_94350c0c_uniq" ON "auth_user_groups" ("user_id", "group_id");
CREATE INDEX IF NOT EXISTS "auth_user_groups_user_id_6a12ed8b" ON "auth_user_groups" ("user_id");
CREATE INDEX IF NOT EXISTS "auth_user_groups_group_id_97559544" ON "auth_user_groups" ("group_id");
CREATE UNIQUE INDEX "auth_user_user_permissions_user_id_permission_id_14a6b632_uniq" ON "auth_user_user_permissions" ("user_id", "permission_id");
CREATE INDEX IF NOT EXISTS "auth_user_user_permissions_user_id_a95ead1b" ON "auth_user_user_permissions" ("user_id");
CREATE INDEX IF NOT EXISTS "auth_user_user_permissions_permission_id_1fbb5f2c" ON "auth_user_user_permissions" ("permission_id");
CREATE INDEX IF NOT EXISTS "django_admin_log_content_type_id_c4bce8eb" ON "django_admin_log" ("content_type_id");
CREATE INDEX IF NOT EXISTS "django_admin_log_user_id_c564eba6" ON "django_admin_log" ("user_id");
CREATE UNIQUE INDEX "django_content_type_app_label_model_76bd3d3b_uniq" ON "django_content_type" ("app_label", "model");
CREATE UNIQUE INDEX "auth_permission_content_type_id_codename_01ab375a_uniq" ON "auth_permission" ("content_type_id", "codename");
CREATE INDEX IF NOT EXISTS "auth_permission_content_type_id_2f476e4b" ON "auth_permission" ("content_type_id");
CREATE INDEX IF NOT EXISTS "django_session_expire_date_a5c62663" ON "django_session" ("expire_date");
CREATE TABLE IF NOT EXISTS "auth_user_groups" ("id" integer NOT NULL PRIMARY KEY AUTOINCREMENT, "user_id" integer NOT NULL REFERENCES "auth_user" ("id") DEFERRABLE INITIALLY DEFERRED, "group_id" integer NOT NULL REFERENCES "auth_group" ("id") DEFERRABLE INITIALLY DEFERRED);
CREATE UNIQUE INDEX "auth_group_permissions_group_id_permission_id_0cd325b0_uniq" ON "auth_group_permissions" ("group_id", "permission_id");
CREATE INDEX IF NOT EXISTS "auth_group_permissions_group_id_b120cbf9" ON "auth_group_permissions" ("group_id");
CREATE INDEX IF NOT EXISTS "auth_group_permissions_permission_id_84c5c92e" ON "auth_group_permissions" ("permission_id");
CREATE UNIQUE INDEX "auth_user_groups_user_id_group_id_94350c0c_uniq" ON "auth_user_groups" ("user_id", "group_id");
CREATE INDEX IF NOT EXISTS "auth_user_groups_user_id_6a12ed8b" ON "auth_user_groups" ("user_id");
CREATE INDEX IF NOT EXISTS "auth_user_groups_group_id_97559544" ON "auth_user_groups" ("group_id");
CREATE UNIQUE INDEX "auth_user_user_permissions_user_id_permission_id_14a6b632_uniq" ON "auth_user_user_permissions" ("user_id", "permission_id");
CREATE INDEX IF NOT EXISTS "auth_user_user_permissions_user_id_a95ead1b" ON "auth_user_user_permissions" ("user_id");
CREATE INDEX IF NOT EXISTS "auth_user_user_permissions_permission_id_1fbb5f2c" ON "auth_user_user_permissions" ("permission_id");
CREATE INDEX IF NOT EXISTS "django_admin_log_content_type_id_c4bce8eb" ON "django_admin_log" ("content_type_id");
CREATE INDEX IF NOT EXISTS "django_admin_log_user_id_c564eba6" ON "django_admin_log" ("user_id");
CREATE UNIQUE INDEX "django_content_type_app_label_model_76bd3d3b_uniq" ON "django_content_type" ("app_label", "model");
CREATE UNIQUE INDEX "auth_permission_content_type_id_codename_01ab375a_uniq" ON "auth_permission" ("content_type_id", "codename");
CREATE INDEX IF NOT EXISTS "auth_permission_content_type_id_2f476e4b" ON "auth_permission" ("content_type_id");
CREATE INDEX IF NOT EXISTS "django_session_expire_date_a5c62663" ON "django_session" ("expire_date");
CREATE TABLE IF NOT EXISTS "auth_user_user_permissions" ("id" integer NOT NULL PRIMARY KEY AUTOINCREMENT, "user_id" integer NOT NULL REFERENCES "auth_user" ("id") DEFERRABLE INITIALLY DEFERRED, "permission_id" integer NOT NULL REFERENCES "auth_permission" ("id") DEFERRABLE INITIALLY DEFERRED);
CREATE UNIQUE INDEX "auth_group_permissions_group_id_permission_id_0cd325b0_uniq" ON "auth_group_permissions" ("group_id", "permission_id");
CREATE INDEX IF NOT EXISTS "auth_group_permissions_group_id_b120cbf9" ON "auth_group_permissions" ("group_id");
CREATE INDEX IF NOT EXISTS "auth_group_permissions_permission_id_84c5c92e" ON "auth_group_permissions" ("permission_id");
CREATE UNIQUE INDEX "auth_user_groups_user_id_group_id_94350c0c_uniq" ON "auth_user_groups" ("user_id", "group_id");
CREATE INDEX IF NOT EXISTS "auth_user_groups_user_id_6a12ed8b" ON "auth_user_groups" ("user_id");
CREATE INDEX IF NOT EXISTS "auth_user_groups_group_id_97559544" ON "auth_user_groups" ("group_id");
CREATE UNIQUE INDEX "auth_user_user_permissions_user_id_permission_id_14a6b632_uniq" ON "auth_user_user_permissions" ("user_id", "permission_id");
CREATE INDEX IF NOT EXISTS "auth_user_user_permissions_user_id_a95ead1b" ON "auth_user_user_permissions" ("user_id");
CREATE INDEX IF NOT EXISTS "auth_user_user_permissions_permission_id_1fbb5f2c" ON "auth_user_user_permissions" ("permission_id");
CREATE INDEX IF NOT EXISTS "django_admin_log_content_type_id_c4bce8eb" ON "django_admin_log" ("content_type_id");
CREATE INDEX IF NOT EXISTS "django_admin_log_user_id_c564eba6" ON "django_admin_log" ("user_id");
CREATE UNIQUE INDEX "django_content_type_app_label_model_76bd3d3b_uniq" ON "django_content_type" ("app_label", "model");
CREATE UNIQUE INDEX "auth_permission_content_type_id_codename_01ab375a_uniq" ON "auth_permission" ("content_type_id", "codename");
CREATE INDEX IF NOT EXISTS "auth_permission_content_type_id_2f476e4b" ON "auth_permission" ("content_type_id");
CREATE INDEX IF NOT EXISTS "django_session_expire_date_a5c62663" ON "django_session" ("expire_date");
CREATE TABLE IF NOT EXISTS "django_admin_log" ("id" integer NOT NULL PRIMARY KEY AUTOINCREMENT, "object_id" text NULL, "object_repr" varchar(200) NOT NULL, "action_flag" smallint unsigned NOT NULL CHECK ("action_flag" >= 0), "change_message" text NOT NULL, "content_type_id" integer NULL REFERENCES "django_content_type" ("id") DEFERRABLE INITIALLY DEFERRED, "user_id" integer NOT NULL REFERENCES "auth_user" ("id") DEFERRABLE INITIALLY DEFERRED, "action_time" datetime NOT NULL);
INSERT INTO "django_admin_log" VALUES(1,'1','Patient object (1)',1,'[{"added": {}}]',7,1,'2024-11-17 11:42:18.794547');
INSERT INTO "django_admin_log" VALUES(2,'2','adhrit ',3,'',10,1,'2024-12-05 13:21:19.811867');
INSERT INTO "django_admin_log" VALUES(3,'3','levin',3,'',10,1,'2024-12-05 13:21:51.887776');
INSERT INTO "django_admin_log" VALUES(4,'4','adhrit',2,'[{"changed": {"fields": ["Patient name"]}}]',9,1,'2024-12-05 13:22:13.773321');
INSERT INTO "django_admin_log" VALUES(5,'2','levin',3,'',9,1,'2024-12-05 13:23:22.882681');
INSERT INTO "django_admin_log" VALUES(6,'3','levin felix ',3,'',9,1,'2024-12-05 13:23:27.639662');
INSERT INTO "django_admin_log" VALUES(7,'4','adhrit',3,'',9,1,'2024-12-05 13:23:31.360291');
INSERT INTO "django_admin_log" VALUES(8,'5','levin',3,'',7,1,'2024-12-05 13:23:43.737156');
INSERT INTO "django_admin_log" VALUES(9,'3','adhrit ',3,'',7,1,'2024-12-05 13:23:48.547063');
INSERT INTO "django_admin_log" VALUES(10,'1','hospital.app.utils.backup_database',1,'[{"added": {}}]',11,1,'2024-12-08 14:43:24.071695');
INSERT INTO "django_admin_log" VALUES(11,'1','hospital.app.utils.backup_database',2,'[{"changed": {"fields": ["Hook", "Minutes"]}}]',11,1,'2024-12-08 14:53:06.064067');
CREATE UNIQUE INDEX "auth_group_permissions_group_id_permission_id_0cd325b0_uniq" ON "auth_group_permissions" ("group_id", "permission_id");
CREATE INDEX IF NOT EXISTS "auth_group_permissions_group_id_b120cbf9" ON "auth_group_permissions" ("group_id");
CREATE INDEX IF NOT EXISTS "auth_group_permissions_permission_id_84c5c92e" ON "auth_group_permissions" ("permission_id");
CREATE UNIQUE INDEX "auth_user_groups_user_id_group_id_94350c0c_uniq" ON "auth_user_groups" ("user_id", "group_id");
CREATE INDEX IF NOT EXISTS "auth_user_groups_user_id_6a12ed8b" ON "auth_user_groups" ("user_id");
CREATE INDEX IF NOT EXISTS "auth_user_groups_group_id_97559544" ON "auth_user_groups" ("group_id");
CREATE UNIQUE INDEX "auth_user_user_permissions_user_id_permission_id_14a6b632_uniq" ON "auth_user_user_permissions" ("user_id", "permission_id");
CREATE INDEX IF NOT EXISTS "auth_user_user_permissions_user_id_a95ead1b" ON "auth_user_user_permissions" ("user_id");
CREATE INDEX IF NOT EXISTS "auth_user_user_permissions_permission_id_1fbb5f2c" ON "auth_user_user_permissions" ("permission_id");
CREATE INDEX IF NOT EXISTS "django_admin_log_content_type_id_c4bce8eb" ON "django_admin_log" ("content_type_id");
CREATE INDEX IF NOT EXISTS "django_admin_log_user_id_c564eba6" ON "django_admin_log" ("user_id");
CREATE UNIQUE INDEX "django_content_type_app_label_model_76bd3d3b_uniq" ON "django_content_type" ("app_label", "model");
CREATE UNIQUE INDEX "auth_permission_content_type_id_codename_01ab375a_uniq" ON "auth_permission" ("content_type_id", "codename");
CREATE INDEX IF NOT EXISTS "auth_permission_content_type_id_2f476e4b" ON "auth_permission" ("content_type_id");
CREATE INDEX IF NOT EXISTS "django_session_expire_date_a5c62663" ON "django_session" ("expire_date");
CREATE TABLE IF NOT EXISTS "django_content_type" ("id" integer NOT NULL PRIMARY KEY AUTOINCREMENT, "app_label" varchar(100) NOT NULL, "model" varchar(100) NOT NULL);
INSERT INTO "django_content_type" VALUES(1,'admin','logentry');
INSERT INTO "django_content_type" VALUES(2,'auth','permission');
INSERT INTO "django_content_type" VALUES(3,'auth','group');
INSERT INTO "django_content_type" VALUES(4,'auth','user');
INSERT INTO "django_content_type" VALUES(5,'contenttypes','contenttype');
INSERT INTO "django_content_type" VALUES(6,'sessions','session');
INSERT INTO "django_content_type" VALUES(7,'app','patient');
INSERT INTO "django_content_type" VALUES(8,'app','doctor');
INSERT INTO "django_content_type" VALUES(9,'app','appointment');
INSERT INTO "django_content_type" VALUES(10,'app','payment');
INSERT INTO "django_content_type" VALUES(11,'django_q','schedule');
INSERT INTO "django_content_type" VALUES(12,'django_q','task');
INSERT INTO "django_content_type" VALUES(13,'django_q','failure');
INSERT INTO "django_content_type" VALUES(14,'django_q','success');
INSERT INTO "django_content_type" VALUES(15,'django_q','ormq');
CREATE UNIQUE INDEX "auth_group_permissions_group_id_permission_id_0cd325b0_uniq" ON "auth_group_permissions" ("group_id", "permission_id");
CREATE INDEX IF NOT EXISTS "auth_group_permissions_group_id_b120cbf9" ON "auth_group_permissions" ("group_id");
CREATE INDEX IF NOT EXISTS "auth_group_permissions_permission_id_84c5c92e" ON "auth_group_permissions" ("permission_id");
CREATE UNIQUE INDEX "auth_user_groups_user_id_group_id_94350c0c_uniq" ON "auth_user_groups" ("user_id", "group_id");
CREATE INDEX IF NOT EXISTS "auth_user_groups_user_id_6a12ed8b" ON "auth_user_groups" ("user_id");
CREATE INDEX IF NOT EXISTS "auth_user_groups_group_id_97559544" ON "auth_user_groups" ("group_id");
CREATE UNIQUE INDEX "auth_user_user_permissions_user_id_permission_id_14a6b632_uniq" ON "auth_user_user_permissions" ("user_id", "permission_id");
CREATE INDEX IF NOT EXISTS "auth_user_user_permissions_user_id_a95ead1b" ON "auth_user_user_permissions" ("user_id");
CREATE INDEX IF NOT EXISTS "auth_user_user_permissions_permission_id_1fbb5f2c" ON "auth_user_user_permissions" ("permission_id");
CREATE INDEX IF NOT EXISTS "django_admin_log_content_type_id_c4bce8eb" ON "django_admin_log" ("content_type_id");
CREATE INDEX IF NOT EXISTS "django_admin_log_user_id_c564eba6" ON "django_admin_log" ("user_id");
CREATE UNIQUE INDEX "django_content_type_app_label_model_76bd3d3b_uniq" ON "django_content_type" ("app_label", "model");
CREATE UNIQUE INDEX "auth_permission_content_type_id_codename_01ab375a_uniq" ON "auth_permission" ("content_type_id", "codename");
CREATE INDEX IF NOT EXISTS "auth_permission_content_type_id_2f476e4b" ON "auth_permission" ("content_type_id");
CREATE INDEX IF NOT EXISTS "django_session_expire_date_a5c62663" ON "django_session" ("expire_date");
CREATE TABLE IF NOT EXISTS "django_migrations" ("id" integer NOT NULL PRIMARY KEY AUTOINCREMENT, "app" varchar(255) NOT NULL, "name" varchar(255) NOT NULL, "applied" datetime NOT NULL);
INSERT INTO "django_migrations" VALUES(1,'contenttypes','0001_initial','2024-11-16 21:29:42.371578');
INSERT INTO "django_migrations" VALUES(2,'auth','0001_initial','2024-11-16 21:29:42.387497');
INSERT INTO "django_migrations" VALUES(3,'admin','0001_initial','2024-11-16 21:29:42.395987');
INSERT INTO "django_migrations" VALUES(4,'admin','0002_logentry_remove_auto_add','2024-11-16 21:29:42.407938');
INSERT INTO "django_migrations" VALUES(5,'admin','0003_logentry_add_action_flag_choices','2024-11-16 21:29:42.412940');
INSERT INTO "django_migrations" VALUES(6,'contenttypes','0002_remove_content_type_name','2024-11-16 21:29:42.440602');
INSERT INTO "django_migrations" VALUES(7,'auth','0002_alter_permission_name_max_length','2024-11-16 21:29:42.450672');
INSERT INTO "django_migrations" VALUES(8,'auth','0003_alter_user_email_max_length','2024-11-16 21:29:42.458082');
INSERT INTO "django_migrations" VALUES(9,'auth','0004_alter_user_username_opts','2024-11-16 21:29:42.463088');
INSERT INTO "django_migrations" VALUES(10,'auth','0005_alter_user_last_login_null','2024-11-16 21:29:42.475121');
INSERT INTO "django_migrations" VALUES(11,'auth','0006_require_contenttypes_0002','2024-11-16 21:29:42.477837');
INSERT INTO "django_migrations" VALUES(12,'auth','0007_alter_validators_add_error_messages','2024-11-16 21:29:42.485356');
INSERT INTO "django_migrations" VALUES(13,'auth','0008_alter_user_username_max_length','2024-11-16 21:29:42.492433');
INSERT INTO "django_migrations" VALUES(14,'auth','0009_alter_user_last_name_max_length','2024-11-16 21:29:42.502465');
INSERT INTO "django_migrations" VALUES(15,'auth','0010_alter_group_name_max_length','2024-11-16 21:29:42.509033');
INSERT INTO "django_migrations" VALUES(16,'auth','0011_update_proxy_permissions','2024-11-16 21:29:42.513059');
INSERT INTO "django_migrations" VALUES(17,'auth','0012_alter_user_first_name_max_length','2024-11-16 21:29:42.524931');
INSERT INTO "django_migrations" VALUES(18,'sessions','0001_initial','2024-11-16 21:29:42.530067');
INSERT INTO "django_migrations" VALUES(19,'app','0001_initial','2024-11-17 11:38:09.602067');
INSERT INTO "django_migrations" VALUES(20,'app','0002_rename_patient_name_patient_patient_name_and_more','2024-11-24 21:58:54.879126');
INSERT INTO "django_migrations" VALUES(21,'app','0003_doctor_alter_patient_medical_history','2024-11-25 14:21:25.437129');
INSERT INTO "django_migrations" VALUES(22,'app','0004_appointment','2024-11-27 13:02:34.042437');
INSERT INTO "django_migrations" VALUES(23,'app','0005_appointment_patient_name','2024-11-27 13:04:53.326256');
INSERT INTO "django_migrations" VALUES(24,'app','0006_appointment_status','2024-11-27 13:17:52.381696');
INSERT INTO "django_migrations" VALUES(25,'app','0007_payment','2024-12-03 14:24:41.062247');
INSERT INTO "django_migrations" VALUES(26,'app','0008_alter_payment_doctor_fee_alter_payment_medicine_cost_and_more','2024-12-03 14:44:37.332643');
INSERT INTO "django_migrations" VALUES(27,'app','0009_rename_patient_name_patient_patient_name_and_more','2024-12-05 13:24:47.534241');
INSERT INTO "django_migrations" VALUES(28,'app','0010_alter_appointment_date_alter_appointment_doctor_name_and_more','2024-12-05 13:24:47.587440');
INSERT INTO "django_migrations" VALUES(29,'app','0011_alter_appointment_date_alter_payment_admission_date_and_more','2024-12-05 13:35:36.899629');
INSERT INTO "django_migrations" VALUES(30,'app','0012_rename_date_appointment_date1','2024-12-05 18:36:20.154441');
INSERT INTO "django_migrations" VALUES(31,'app','0013_appointment_email','2024-12-05 23:05:49.695681');
INSERT INTO "django_migrations" VALUES(32,'django_q','0001_initial','2024-12-08 14:37:53.019704');
INSERT INTO "django_migrations" VALUES(33,'django_q','0002_auto_20150630_1624','2024-12-08 14:37:53.033110');
INSERT INTO "django_migrations" VALUES(34,'django_q','0003_auto_20150708_1326','2024-12-08 14:37:53.061350');
INSERT INTO "django_migrations" VALUES(35,'django_q','0004_auto_20150710_1043','2024-12-08 14:37:53.070131');
INSERT INTO "django_migrations" VALUES(36,'django_q','0005_auto_20150718_1506','2024-12-08 14:37:53.082264');
INSERT INTO "django_migrations" VALUES(37,'django_q','0006_auto_20150805_1817','2024-12-08 14:37:53.093287');
INSERT INTO "django_migrations" VALUES(38,'django_q','0007_ormq','2024-12-08 14:37:53.099961');
INSERT INTO "django_migrations" VALUES(39,'django_q','0008_auto_20160224_1026','2024-12-08 14:37:53.106044');
INSERT INTO "django_migrations" VALUES(40,'django_q','0009_auto_20171009_0915','2024-12-08 14:37:53.116514');
INSERT INTO "django_migrations" VALUES(41,'django_q','0010_auto_20200610_0856','2024-12-08 14:37:53.128222');
INSERT INTO "django_migrations" VALUES(42,'django_q','0011_auto_20200628_1055','2024-12-08 14:37:53.141543');
INSERT INTO "django_migrations" VALUES(43,'django_q','0012_auto_20200702_1608','2024-12-08 14:37:53.148087');
INSERT INTO "django_migrations" VALUES(44,'django_q','0013_task_attempt_count','2024-12-08 14:37:53.157195');
INSERT INTO "django_migrations" VALUES(45,'django_q','0014_schedule_cluster','2024-12-08 14:37:53.160212');
CREATE UNIQUE INDEX "auth_group_permissions_group_id_permission_id_0cd325b0_uniq" ON "auth_group_permissions" ("group_id", "permission_id");
CREATE INDEX IF NOT EXISTS "auth_group_permissions_group_id_b120cbf9" ON "auth_group_permissions" ("group_id");
CREATE INDEX IF NOT EXISTS "auth_group_permissions_permission_id_84c5c92e" ON "auth_group_permissions" ("permission_id");
CREATE UNIQUE INDEX "auth_user_groups_user_id_group_id_94350c0c_uniq" ON "auth_user_groups" ("user_id", "group_id");
CREATE INDEX IF NOT EXISTS "auth_user_groups_user_id_6a12ed8b" ON "auth_user_groups" ("user_id");
CREATE INDEX IF NOT EXISTS "auth_user_groups_group_id_97559544" ON "auth_user_groups" ("group_id");
CREATE UNIQUE INDEX "auth_user_user_permissions_user_id_permission_id_14a6b632_uniq" ON "auth_user_user_permissions" ("user_id", "permission_id");
CREATE INDEX IF NOT EXISTS "auth_user_user_permissions_user_id_a95ead1b" ON "auth_user_user_permissions" ("user_id");
CREATE INDEX IF NOT EXISTS "auth_user_user_permissions_permission_id_1fbb5f2c" ON "auth_user_user_permissions" ("permission_id");
CREATE INDEX IF NOT EXISTS "django_admin_log_content_type_id_c4bce8eb" ON "django_admin_log" ("content_type_id");
CREATE INDEX IF NOT EXISTS "django_admin_log_user_id_c564eba6" ON "django_admin_log" ("user_id");
CREATE UNIQUE INDEX "django_content_type_app_label_model_76bd3d3b_uniq" ON "django_content_type" ("app_label", "model");
CREATE UNIQUE INDEX "auth_permission_content_type_id_codename_01ab375a_uniq" ON "auth_permission" ("content_type_id", "codename");
CREATE INDEX IF NOT EXISTS "auth_permission_content_type_id_2f476e4b" ON "auth_permission" ("content_type_id");
CREATE INDEX IF NOT EXISTS "django_session_expire_date_a5c62663" ON "django_session" ("expire_date");
CREATE TABLE IF NOT EXISTS "django_q_ormq" ("id" integer NOT NULL PRIMARY KEY AUTOINCREMENT, "key" varchar(100) NOT NULL, "payload" text NOT NULL, "lock" datetime NULL);
INSERT INTO "django_q_ormq" VALUES(1,'DjangoQ','gAWV-AAAAAAAAAB9lCiMAmlklIwgM2YxMjE0Y2IzZTA5NDliMzkwYTIyN2U5MmU1NTNiYzaUjARuYW1llIwgd2VzdC1zb2RpdW0teWFua2VlLW1hc3NhY2h1c2V0dHOUjARmdW5jlIwJYXBwLnV0aWxzlIwWYmFja3VwX2RhdGFiYXNlX3RvX2NzdpSTlIwEYXJnc5QpjAZrd2FyZ3OUfZSMB3N0YXJ0ZWSUjAhkYXRldGltZZSMCGRhdGV0aW1llJOUQwoH6AwIDwsBA4BNlGgNjAh0aW1lem9uZZSTlGgNjAl0aW1lZGVsdGGUk5RLAEsASwCHlFKUhZRSlIaUUpR1Lg:1tKIw1:Cre7WnCZKnVPPm-pTthWaolGtcqJ-MIiFL6M_zCFGnw','2024-12-08 15:10:01.233478');
INSERT INTO "django_q_ormq" VALUES(2,'DjangoQ','gAWV8AAAAAAAAAB9lCiMAmlklIwgYTRhYWM1ZDM0YjQ2NDIwMzkyNzMzMGYzNzFiODYzOGWUjARuYW1llIwYYmx1ZS1mb3VyLWNhcnBldC1jZWlsaW5nlIwEZnVuY5SMCWFwcC51dGlsc5SMFmJhY2t1cF9kYXRhYmFzZV90b19jc3aUk5SMBGFyZ3OUKYwGa3dhcmdzlH2UjAdzdGFydGVklIwIZGF0ZXRpbWWUjAhkYXRldGltZZSTlEMKB-gMCA8SHQ6uopRoDYwIdGltZXpvbmWUk5RoDYwJdGltZWRlbHRhlJOUSwBLAEsAh5RSlIWUUpSGlFKUdS4:1tKJ3F:zF0UhDZrT---Mbne8tcdZmeNhlQA-kAPnC2GmOVCNUQ','2024-12-08 15:17:29.962210');
INSERT INTO "django_q_ormq" VALUES(3,'DjangoQ','gAWV8wAAAAAAAAB9lCiMAmlklIwgMjdiNWQ4ZjA4NDFjNDhlNmI4MmRjMzg3MDI1MTIwMmKUjARuYW1llIwbcm9iZXJ0LWVhcmx5LXNwZWFrZXItaGFtcGVylIwEZnVuY5SMCWFwcC51dGlsc5SMFmJhY2t1cF9kYXRhYmFzZV90b19jc3aUk5SMBGFyZ3OUKYwGa3dhcmdzlH2UjAdzdGFydGVklIwIZGF0ZXRpbWWUjAhkYXRldGltZZSTlEMKB-gMCA8SIwGmI5RoDYwIdGltZXpvbmWUk5RoDYwJdGltZWRlbHRhlJOUSwBLAEsAh5RSlIWUUpSGlFKUdS4:1tKJ3L:PZYcjWkWLYhn46IewzFbhqBGhvGCzZ6n739VtHwvadQ','2024-12-08 15:17:35.108067');
CREATE UNIQUE INDEX "auth_group_permissions_group_id_permission_id_0cd325b0_uniq" ON "auth_group_permissions" ("group_id", "permission_id");
CREATE INDEX IF NOT EXISTS "auth_group_permissions_group_id_b120cbf9" ON "auth_group_permissions" ("group_id");
CREATE INDEX IF NOT EXISTS "auth_group_permissions_permission_id_84c5c92e" ON "auth_group_permissions" ("permission_id");
CREATE UNIQUE INDEX "auth_user_groups_user_id_group_id_94350c0c_uniq" ON "auth_user_groups" ("user_id", "group_id");
CREATE INDEX IF NOT EXISTS "auth_user_groups_user_id_6a12ed8b" ON "auth_user_groups" ("user_id");
CREATE INDEX IF NOT EXISTS "auth_user_groups_group_id_97559544" ON "auth_user_groups" ("group_id");
CREATE UNIQUE INDEX "auth_user_user_permissions_user_id_permission_id_14a6b632_uniq" ON "auth_user_user_permissions" ("user_id", "permission_id");
CREATE INDEX IF NOT EXISTS "auth_user_user_permissions_user_id_a95ead1b" ON "auth_user_user_permissions" ("user_id");
CREATE INDEX IF NOT EXISTS "auth_user_user_permissions_permission_id_1fbb5f2c" ON "auth_user_user_permissions" ("permission_id");
CREATE INDEX IF NOT EXISTS "django_admin_log_content_type_id_c4bce8eb" ON "django_admin_log" ("content_type_id");
CREATE INDEX IF NOT EXISTS "django_admin_log_user_id_c564eba6" ON "django_admin_log" ("user_id");
CREATE UNIQUE INDEX "django_content_type_app_label_model_76bd3d3b_uniq" ON "django_content_type" ("app_label", "model");
CREATE UNIQUE INDEX "auth_permission_content_type_id_codename_01ab375a_uniq" ON "auth_permission" ("content_type_id", "codename");
CREATE INDEX IF NOT EXISTS "auth_permission_content_type_id_2f476e4b" ON "auth_permission" ("content_type_id");
CREATE INDEX IF NOT EXISTS "django_session_expire_date_a5c62663" ON "django_session" ("expire_date");
CREATE TABLE IF NOT EXISTS "django_q_schedule" ("id" integer NOT NULL PRIMARY KEY AUTOINCREMENT, "func" varchar(256) NOT NULL, "hook" varchar(256) NULL, "args" text NULL, "kwargs" text NULL, "schedule_type" varchar(1) NOT NULL, "next_run" datetime NULL, "task" varchar(100) NULL, "name" varchar(100) NULL, "minutes" smallint unsigned NULL CHECK ("minutes" >= 0), "repeats" integer NOT NULL, "cron" varchar(100) NULL, "cluster" varchar(100) NULL);
INSERT INTO "django_q_schedule" VALUES(1,'hospital.app.utils.backup_database','None','','','D','2024-12-09 06:00:00',NULL,'Backup Database',0,-1,NULL,NULL);
CREATE UNIQUE INDEX "auth_group_permissions_group_id_permission_id_0cd325b0_uniq" ON "auth_group_permissions" ("group_id", "permission_id");
CREATE INDEX IF NOT EXISTS "auth_group_permissions_group_id_b120cbf9" ON "auth_group_permissions" ("group_id");
CREATE INDEX IF NOT EXISTS "auth_group_permissions_permission_id_84c5c92e" ON "auth_group_permissions" ("permission_id");
CREATE UNIQUE INDEX "auth_user_groups_user_id_group_id_94350c0c_uniq" ON "auth_user_groups" ("user_id", "group_id");
CREATE INDEX IF NOT EXISTS "auth_user_groups_user_id_6a12ed8b" ON "auth_user_groups" ("user_id");
CREATE INDEX IF NOT EXISTS "auth_user_groups_group_id_97559544" ON "auth_user_groups" ("group_id");
CREATE UNIQUE INDEX "auth_user_user_permissions_user_id_permission_id_14a6b632_uniq" ON "auth_user_user_permissions" ("user_id", "permission_id");
CREATE INDEX IF NOT EXISTS "auth_user_user_permissions_user_id_a95ead1b" ON "auth_user_user_permissions" ("user_id");
CREATE INDEX IF NOT EXISTS "auth_user_user_permissions_permission_id_1fbb5f2c" ON "auth_user_user_permissions" ("permission_id");
CREATE INDEX IF NOT EXISTS "django_admin_log_content_type_id_c4bce8eb" ON "django_admin_log" ("content_type_id");
CREATE INDEX IF NOT EXISTS "django_admin_log_user_id_c564eba6" ON "django_admin_log" ("user_id");
CREATE UNIQUE INDEX "django_content_type_app_label_model_76bd3d3b_uniq" ON "django_content_type" ("app_label", "model");
CREATE UNIQUE INDEX "auth_permission_content_type_id_codename_01ab375a_uniq" ON "auth_permission" ("content_type_id", "codename");
CREATE INDEX IF NOT EXISTS "auth_permission_content_type_id_2f476e4b" ON "auth_permission" ("content_type_id");
CREATE INDEX IF NOT EXISTS "django_session_expire_date_a5c62663" ON "django_session" ("expire_date");
CREATE TABLE IF NOT EXISTS "django_q_task" ("name" varchar(100) NOT NULL, "func" varchar(256) NOT NULL, "hook" varchar(256) NULL, "args" text NULL, "kwargs" text NULL, "result" text NULL, "started" datetime NOT NULL, "stopped" datetime NOT NULL, "success" bool NOT NULL, "id" varchar(32) NOT NULL PRIMARY KEY, "group" varchar(100) NULL, "attempt_count" integer NOT NULL);
CREATE UNIQUE INDEX "auth_group_permissions_group_id_permission_id_0cd325b0_uniq" ON "auth_group_permissions" ("group_id", "permission_id");
CREATE INDEX IF NOT EXISTS "auth_group_permissions_group_id_b120cbf9" ON "auth_group_permissions" ("group_id");
CREATE INDEX IF NOT EXISTS "auth_group_permissions_permission_id_84c5c92e" ON "auth_group_permissions" ("permission_id");
CREATE UNIQUE INDEX "auth_user_groups_user_id_group_id_94350c0c_uniq" ON "auth_user_groups" ("user_id", "group_id");
CREATE INDEX IF NOT EXISTS "auth_user_groups_user_id_6a12ed8b" ON "auth_user_groups" ("user_id");
CREATE INDEX IF NOT EXISTS "auth_user_groups_group_id_97559544" ON "auth_user_groups" ("group_id");
CREATE UNIQUE INDEX "auth_user_user_permissions_user_id_permission_id_14a6b632_uniq" ON "auth_user_user_permissions" ("user_id", "permission_id");
CREATE INDEX IF NOT EXISTS "auth_user_user_permissions_user_id_a95ead1b" ON "auth_user_user_permissions" ("user_id");
CREATE INDEX IF NOT EXISTS "auth_user_user_permissions_permission_id_1fbb5f2c" ON "auth_user_user_permissions" ("permission_id");
CREATE INDEX IF NOT EXISTS "django_admin_log_content_type_id_c4bce8eb" ON "django_admin_log" ("content_type_id");
CREATE INDEX IF NOT EXISTS "django_admin_log_user_id_c564eba6" ON "django_admin_log" ("user_id");
CREATE UNIQUE INDEX "django_content_type_app_label_model_76bd3d3b_uniq" ON "django_content_type" ("app_label", "model");
CREATE UNIQUE INDEX "auth_permission_content_type_id_codename_01ab375a_uniq" ON "auth_permission" ("content_type_id", "codename");
CREATE INDEX IF NOT EXISTS "auth_permission_content_type_id_2f476e4b" ON "auth_permission" ("content_type_id");
CREATE INDEX IF NOT EXISTS "django_session_expire_date_a5c62663" ON "django_session" ("expire_date");
CREATE TABLE IF NOT EXISTS "django_session" ("session_key" varchar(40) NOT NULL PRIMARY KEY, "session_data" text NOT NULL, "expire_date" datetime NOT NULL);
INSERT INTO "django_session" VALUES('4jh0p1m8f1jsejhnugj31v3odt9a71b1','.eJxVjEEOwiAQRe_C2hAoDk5cuvcMZGAGqRqalHbVeHdp0oVu33v_byrQupSwNpnDyOqqrDr9skjpJXUX_KT6mHSa6jKPUe-JPmzT94nlfTvav4NCrfQ1JJ8JBzZoMCKawbKkRF7gYp3zLEwWzwgMLuXMYGNkxz3vOGfw6vMF8Tc4kg:1tCdc9:C5LYRmZUzIcMOODfFuIzt0vJXlRNSOwdpSNvMH9-yzQ','2024-12-01 11:38:49.104066');
INSERT INTO "django_session" VALUES('fa0f7bvqg95jl4yibv0hi7ycpqq361u1','.eJxVjEEOwiAQRe_C2hAoDk5cuvcMZGAGqRqalHbVeHdp0oVu33v_byrQupSwNpnDyOqqrDr9skjpJXUX_KT6mHSa6jKPUe-JPmzT94nlfTvav4NCrfQ1JJ8JBzZoMCKawbKkRF7gYp3zLEwWzwgMLuXMYGNkxz3vOGfw6vMF8Tc4kg:1tIV4m:BVXcWzoP9zDaoGowpYAZTUCImC21Xyzha0vrdlEkE10','2024-12-17 15:44:36.918417');
CREATE UNIQUE INDEX "auth_group_permissions_group_id_permission_id_0cd325b0_uniq" ON "auth_group_permissions" ("group_id", "permission_id");
CREATE INDEX IF NOT EXISTS "auth_group_permissions_group_id_b120cbf9" ON "auth_group_permissions" ("group_id");
CREATE INDEX IF NOT EXISTS "auth_group_permissions_permission_id_84c5c92e" ON "auth_group_permissions" ("permission_id");
CREATE UNIQUE INDEX "auth_user_groups_user_id_group_id_94350c0c_uniq" ON "auth_user_groups" ("user_id", "group_id");
CREATE INDEX IF NOT EXISTS "auth_user_groups_user_id_6a12ed8b" ON "auth_user_groups" ("user_id");
CREATE INDEX IF NOT EXISTS "auth_user_groups_group_id_97559544" ON "auth_user_groups" ("group_id");
CREATE UNIQUE INDEX "auth_user_user_permissions_user_id_permission_id_14a6b632_uniq" ON "auth_user_user_permissions" ("user_id", "permission_id");
CREATE INDEX IF NOT EXISTS "auth_user_user_permissions_user_id_a95ead1b" ON "auth_user_user_permissions" ("user_id");
CREATE INDEX IF NOT EXISTS "auth_user_user_permissions_permission_id_1fbb5f2c" ON "auth_user_user_permissions" ("permission_id");
CREATE INDEX IF NOT EXISTS "django_admin_log_content_type_id_c4bce8eb" ON "django_admin_log" ("content_type_id");
CREATE INDEX IF NOT EXISTS "django_admin_log_user_id_c564eba6" ON "django_admin_log" ("user_id");
CREATE UNIQUE INDEX "django_content_type_app_label_model_76bd3d3b_uniq" ON "django_content_type" ("app_label", "model");
CREATE UNIQUE INDEX "auth_permission_content_type_id_codename_01ab375a_uniq" ON "auth_permission" ("content_type_id", "codename");
CREATE INDEX IF NOT EXISTS "auth_permission_content_type_id_2f476e4b" ON "auth_permission" ("content_type_id");
CREATE INDEX IF NOT EXISTS "django_session_expire_date_a5c62663" ON "django_session" ("expire_date");
